{
  "family": "sample-ecs-task",
  "containerDefinitions": [
      {
          "name": "nginx",
          "image": "nginx:1.14",
          "cpu": 0,
          "portMappings": [
              {
                  "containerPort": 80,
                  "hostPort": 0,
                  "protocol": "tcp"
              }
          ],
          "essential": true
      }
  ],
  "taskRoleArn": "arn:aws:iam::079080703552:role/SampleEcsTaskRole",
  "executionRoleArn": "arn:aws:iam::079080703552:role/SampleEcsTaskExecutionRole",
  "networkMode": "bridge",
  "requiresCompatibilities": [
      "EC2"
  ],
  "cpu": "2048",
  "memory": "3072"
}
